trial;subject;action;obj;outcome;decision;logical_explanations;prompt_text;prompt_size;answer_size;answer;combined_score;coverage;completness;correctness;clarity;hallucination;grammar_score;flesch_reading_ease;flesch_kincaid_grade;gunning_fog;smog_index;coleman_liau_index;ari
0;Bob;edit;report1;True;**The Decision:** The outcome of the logical inference is that: the permission for Bob to perform edit on report1 is granted.;(secondee, secondment) > (staff_member, default), ;1. **Overall Logic:** Explain the condition under which access is granted. An access is granted if and only if,         for each support of a prohibition, there exists a corresponding support for a permission where the permission's support dominates the prohibition's.         Dominance means that: each element of the support of the permission is strictly preferred to at least one element of the support of the prohibition.         Here are the different elements which compose the decision: 2. **Supports of Permission:** List of the elements that compose the permission supports: (support 1): The organization consortium grants the role secondee the Permission to perform the activity modify on the view secondment_reports if the context secondment holds,The organisation university1 employes Bob in the role secondee, The organisation consortium considers edit as a modify activity, The organisation consortium uses report1 in the view secondment_reports, The context secondment holds between Bob, edit, and report1 in the organisation university1, 3. **Supports of Prohibition:** List of the elements composing the prohibition support: (support 1): The organization consortium grants the role staff_member the Prohibition to perform the activity modify on the view secondment_reports if the context default holds,The organisation consortium employes Bob in the role staff_member, The organisation consortium considers edit as a modify activity, The organisation consortium uses report1 in the view secondment_reports, The context default holds between Bob, edit, and report1 in the organisation consortium, 4. **Preferences Between the Elements:**The relation ``The organisation university1 employes Bob in the role secondee, `` is preferred to ``The organisation consortium employes Bob in the role staff_member, `` because: secondee is preferred to staff_member. The relation ``The context secondment holds between Bob, edit, and report1 in the organisation university1, `` is preferred to ``The context default holds between Bob, edit, and report1 in the organisation consortium, `` because: secondment is preferred to default. **The Decision:** The outcome of the logical inference is that: the permission for Bob to perform edit on report1 is granted.**Request for Explanation:** Using the provided logic, supports, and preferences, please explain why the decision was made to grant or deny access in this specific case.             The explanation must contain the following elements: the used decision rule, the outcome decision, and the different relations and preferences leading to the decision. ;498;28;"Let me know if you'd like me to elaborate on any specific aspect of the logic or the decision-making process. 
";0.2751295864582062;0.06413445621728897;0.06413445621728897;0.37904348969459534;0.08869092166423798;0.22035539150238037;1.0;59.64;9.9;14.0;0.0;7.95;9.8
1;Bob;edit;report1;True;**The Decision:** The outcome of the logical inference is that: the permission for Bob to perform edit on report1 is granted.;(secondee, secondment) > (staff_member, default), ;1. **Overall Logic:** Explain the condition under which access is granted. An access is granted if and only if,         for each support of a prohibition, there exists a corresponding support for a permission where the permission's support dominates the prohibition's.         Dominance means that: each element of the support of the permission is strictly preferred to at least one element of the support of the prohibition.         Here are the different elements which compose the decision: 2. **Supports of Permission:** List of the elements that compose the permission supports: (support 1): The organization consortium grants the role secondee the Permission to perform the activity modify on the view secondment_reports if the context secondment holds,The organisation university1 employes Bob in the role secondee, The organisation consortium considers edit as a modify activity, The organisation consortium uses report1 in the view secondment_reports, The context secondment holds between Bob, edit, and report1 in the organisation university1, 3. **Supports of Prohibition:** List of the elements composing the prohibition support: (support 1): The organization consortium grants the role staff_member the Prohibition to perform the activity modify on the view secondment_reports if the context default holds,The organisation consortium employes Bob in the role staff_member, The organisation consortium considers edit as a modify activity, The organisation consortium uses report1 in the view secondment_reports, The context default holds between Bob, edit, and report1 in the organisation consortium, 4. **Preferences Between the Elements:**The relation ``The organisation university1 employes Bob in the role secondee, `` is preferred to ``The organisation consortium employes Bob in the role staff_member, `` because: secondee is preferred to staff_member. The relation ``The context secondment holds between Bob, edit, and report1 in the organisation university1, `` is preferred to ``The context default holds between Bob, edit, and report1 in the organisation consortium, `` because: secondment is preferred to default. **The Decision:** The outcome of the logical inference is that: the permission for Bob to perform edit on report1 is granted.**Request for Explanation:** Using the provided logic, supports, and preferences, please explain why the decision was made to grant or deny access in this specific case.             The explanation must contain the following elements: the used decision rule, the outcome decision, and the different relations and preferences leading to the decision. ;616;669;"Let's break down this access decision step-by-step using the provided logic:

**1. The Decision Rule:**

The core of the decision lies in the ""dominance"" relationship between permissions and prohibitions.  The rule states:

* **Access is granted IF and ONLY IF:**  For every prohibition, there's a corresponding permission whose support dominates that prohibition. 
* **Dominance means:** Each element within the support of a permission is *strictly preferred* to at least *one* element in the support of its corresponding prohibition.

**2. Analyzing the Case:**

* **Permission:** Bob wants to perform the ""modify"" action on the ""secondment_reports"" view.
* **Prohibition:**  Bob is restricted from modifying the ""view secondment reports"" by the ""staff_member"" role. 

**3. Breakdown of Supports and Preferences:**

   * **Permission Support:**
      * **(support 1)**: The organization university1 employs Bob in the ""secondee"" role. This means Bob has access to the ""university1"" context.
      *  **(support 2)**:  The organization consortium considers ""edit"" as a ""modify"" activity. 
      * (support 3) : The organization consortium uses ""report1"" in the view ""secondment reports"".
      * *(support 4)*: The context ""secondment"" exists between Bob, ""edit"", and ""report1"". 
   
   *  **Prohibition Support:**
     * **(prohibition 1):** The organization consortium allows the ""staff member"" role to modify ""secondment report"" view. 
     * *(prohibition 2):* The organization consortium employs Bob as a ""staff member"".
     *  *(prohibition 3):* The ""edit"" activity is considered a modify activity.
     * (prohibition 4): The ""organization consortium"" uses the ""report 1"" view in the "" secondment_report"" view.

**4. Determining Dominance:**

* We need to compare the elements within the supports of the permission and the prohibition to see if there is a dominance relationship. 
    *  The relation ""The organization university 1 employs Bob as the secondee"" is preferred to ""The organization consortium employes Bob as the staff member"" because secondee is a preferred role to staff member.
    * The relation ""the context secondment"" is preferred over ""the context default"" because secondment is a preferred type of context over default.

**5. The Decision:**

Based on the dominance analysis, we can conclude that Bob's permission to ""modify"" on the ""Secondment_Reports"" view is granted. 


**Explanation of the Decision:**

The decision to grant Bob access is based on the dominance relationship between the permission and prohibition. The ""seconde"" role within the ""university 1"" context, combined with the ""edit"" being a ""modify activity"" and the use of ""report1"", all contribute to the dominance of the permission over the prohibition. 



Let me know if this explanation is clearer or if you have any further questions. 
";0.7054461407661438;0.8979790210723877;0.8979790210723877;0.6870339751243592;0.990666925907135;0.9464282393455505;0.9558823529411765;36.59;12.6;10.37;15.0;13.86;15.7
2;Bob;edit;report1;True;**The Decision:** The outcome of the logical inference is that: the permission for Bob to perform edit on report1 is granted.;(secondee, secondment) > (staff_member, default), ;1. **Overall Logic:** Explain the condition under which access is granted. An access is granted if and only if,         for each support of a prohibition, there exists a corresponding support for a permission where the permission's support dominates the prohibition's.         Dominance means that: each element of the support of the permission is strictly preferred to at least one element of the support of the prohibition.         Here are the different elements which compose the decision: 2. **Supports of Permission:** List of the elements that compose the permission supports: (support 1): The organization consortium grants the role secondee the Permission to perform the activity modify on the view secondment_reports if the context secondment holds,The organisation university1 employes Bob in the role secondee, The organisation consortium considers edit as a modify activity, The organisation consortium uses report1 in the view secondment_reports, The context secondment holds between Bob, edit, and report1 in the organisation university1, 3. **Supports of Prohibition:** List of the elements composing the prohibition support: (support 1): The organization consortium grants the role staff_member the Prohibition to perform the activity modify on the view secondment_reports if the context default holds,The organisation consortium employes Bob in the role staff_member, The organisation consortium considers edit as a modify activity, The organisation consortium uses report1 in the view secondment_reports, The context default holds between Bob, edit, and report1 in the organisation consortium, 4. **Preferences Between the Elements:**The relation ``The organisation university1 employes Bob in the role secondee, `` is preferred to ``The organisation consortium employes Bob in the role staff_member, `` because: secondee is preferred to staff_member. The relation ``The context secondment holds between Bob, edit, and report1 in the organisation university1, `` is preferred to ``The context default holds between Bob, edit, and report1 in the organisation consortium, `` because: secondment is preferred to default. **The Decision:** The outcome of the logical inference is that: the permission for Bob to perform edit on report1 is granted.**Request for Explanation:** Using the provided logic, supports, and preferences, please explain why the decision was made to grant or deny access in this specific case.             The explanation must contain the following elements: the used decision rule, the outcome decision, and the different relations and preferences leading to the decision. ;1206;493;"You are absolutely right! I apologize for the lack of clarity in the previous response. 

Here's a revised explanation focusing on the decision outcome:

**Decision Outcome:** The decision is to **GRANT** access.

**Explanation:**

1. **Decision Rule:** The core principle is that access is granted only if a corresponding permission exists with a support that dominates the prohibition.

2. **Analyzing the Case:**
    * **Permission (Bob's Request):** Bob wants to modify data in the 'secondment_report' view.
        * **Support 1:** Bob is in the 'secondee' role within the 'university1' context. 
        *  **Support 2:** The organization consortium considers 'edit' as a 'modify' activity.  
        * (Support 3): The 'organization consortium' uses 'report1' in the view 'secondment reports'.
        * *(Support 4):* The context 'secondment' exists between Bob and 'edit' and 'report1'.

    * **Prohibitions (Restrictions):** Bob is prohibited from modifying 'secondment report' view by the 'staff_member' role. 
       * **(Prohibition 1) :** The 'staff member' role is allowed to modify 'secondment Report' view.  
       * *(Prohibition 2) :* Bob is employed as a 'staff member'.
       *  *(Prohibition 3)*: The 'edit' activity is a 'modify activity'. 
       *(Prohibiton 4) :* The 'organisation consortium' uses the 'report 1' view in the ' secondment_Report' view.

3. **Dominance Analysis:**
   * The 'seconde' role within 'university 1' context is preferred to the 'staff members' role.
   * 'Secondment' is preferred to 'default' context.

4. **Decision:**  Since Bob's role ('secondee') and the context ('secondment') support the permission to modify, and these elements dominate the prohibition, the decision is to grant access.


**Key Points:**

* The dominance relationship is crucial in this decision-making process.
* Understanding the roles, contexts, and activities involved is essential. 


I hope this revised explanation is more comprehensive and clear! 
";0.36383003830909727;0.20290900766849518;0.20290900766849518;0.4478737831115722;0.9003573656082153;0.9348989725112915;0.9492753623188406;32.9;11.9;11.84;13.5;13.44;14.3
3;Bob;edit;report1;True;**The Decision:** The outcome of the logical inference is that: the permission for Bob to perform edit on report1 is granted.;(secondee, secondment) > (staff_member, default), ;1. **Overall Logic:** Explain the condition under which access is granted. An access is granted if and only if,         for each support of a prohibition, there exists a corresponding support for a permission where the permission's support dominates the prohibition's.         Dominance means that: each element of the support of the permission is strictly preferred to at least one element of the support of the prohibition.         Here are the different elements which compose the decision: 2. **Supports of Permission:** List of the elements that compose the permission supports: (support 1): The organization consortium grants the role secondee the Permission to perform the activity modify on the view secondment_reports if the context secondment holds,The organisation university1 employes Bob in the role secondee, The organisation consortium considers edit as a modify activity, The organisation consortium uses report1 in the view secondment_reports, The context secondment holds between Bob, edit, and report1 in the organisation university1, 3. **Supports of Prohibition:** List of the elements composing the prohibition support: (support 1): The organization consortium grants the role staff_member the Prohibition to perform the activity modify on the view secondment_reports if the context default holds,The organisation consortium employes Bob in the role staff_member, The organisation consortium considers edit as a modify activity, The organisation consortium uses report1 in the view secondment_reports, The context default holds between Bob, edit, and report1 in the organisation consortium, 4. **Preferences Between the Elements:**The relation ``The organisation university1 employes Bob in the role secondee, `` is preferred to ``The organisation consortium employes Bob in the role staff_member, `` because: secondee is preferred to staff_member. The relation ``The context secondment holds between Bob, edit, and report1 in the organisation university1, `` is preferred to ``The context default holds between Bob, edit, and report1 in the organisation consortium, `` because: secondment is preferred to default. **The Decision:** The outcome of the logical inference is that: the permission for Bob to perform edit on report1 is granted.**Request for Explanation:** Using the provided logic, supports, and preferences, please explain why the decision was made to grant or deny access in this specific case.             The explanation must contain the following elements: the used decision rule, the outcome decision, and the different relations and preferences leading to the decision. ;1055;551;"You are absolutely right to point out the need for a more detailed explanation of the relations and preferences. 

Let's break it down further:

**1. Decision Outcome:**  The decision is **GRANTED** access. 

**2. Detailed Explanation:**

* **Decision Rule & Application:** The core rule is ""access is granted if there exists a matching permission with a support stronger than the prohibition."" This means the permission must be supported by elements that are more favorable than the elements that constitute the prohibition. 

* **Analyzing the Supports and Prohibitions:** 
   * **Permission Support:**
      * **(Support 1):**  Bob is in the ""secondee"" role within the ""university1"" context.
      *  **(Support 2):** The ""organization consortium"" considers ""edit"" as a ""modify"" activity. 
      *   **(Support 3)**: The ""organisation consortium"" uses ""report1"" in the ""secondment_reports"" view.
     *  **(Support 4)**: The context ""secondment"" exists between Bob, ""edit"", and ""report1"".

   * **Prohibition Support:**
     * **(prohibition 1)**:  The ""staff_member"" role is permitted to modify ""secondment report"" view. 
     *   **(prohibition 2)**: Bob is employed in the ""staff member"" role.  
     * *(prohibition 3):* The ""edit"" activity is a ""modify activity"".
     * * (prohibition 4) : * The ""organisation consortiums"" uses "" report 1"" view in the "" secondment_report"" view.

* **Preference Analysis:** 
    * The ""seconde"" role within ""university 1"" context is **preferred** to the ""staff members"" role.
    * ""Secondment"" is preferred to ""default"" context. 


**3. Dominance and Decision:** 
  * The preference for ""secondee"", ""secondment"", and ""edit"" over ""staff member"", ""default"", and ""modify"" leads to the conclusion that Bob's permission to modify the view is granted.


**In Summary:** The decision to grant access is based on the dominance relationship between the elements supporting the permission and the elements constituting the prohibition. The preference for Bob's position within the university context and the context of ""secondment,"" outweighs the restrictions imposed by the staff member role and the default context. 



Let me know if you have any further questions or would like me to elaborate on any specific aspect! 
";0.5263360631465912;0.4533201903104782;0.4533201903104782;0.5398358762264251;0.6471694707870483;0.461965411901474;0.940809968847352;38.62;11.8;11.5;14.4;13.86;15.4
0;Bob;edit;report1;True;**The Decision:** The outcome of the logical inference is that: the permission for Bob to perform edit on report1 is granted.;(secondee, secondment) > (staff_member, default), ;1. **Overall Logic:** Explain the condition under which access is granted. An access is granted if and only if,         for each support of a prohibition, there exists a corresponding support for a permission where the permission's support dominates the prohibition's.         Dominance means that: each element of the support of the permission is strictly preferred to at least one element of the support of the prohibition.         Here are the different elements which compose the decision: 2. **Supports of Permission:** List of the elements that compose the permission supports: (support 1): The organization consortium grants the role secondee the Permission to perform the activity modify on the view secondment_reports if the context secondment holds,The organisation university1 employes Bob in the role secondee, The organisation consortium considers edit as a modify activity, The organisation consortium uses report1 in the view secondment_reports, The context secondment holds between Bob, edit, and report1 in the organisation university1, 3. **Supports of Prohibition:** List of the elements composing the prohibition support: (support 1): The organization consortium grants the role staff_member the Prohibition to perform the activity modify on the view secondment_reports if the context default holds,The organisation consortium employes Bob in the role staff_member, The organisation consortium considers edit as a modify activity, The organisation consortium uses report1 in the view secondment_reports, The context default holds between Bob, edit, and report1 in the organisation consortium, 4. **Preferences Between the Elements:**The relation ``The organisation university1 employes Bob in the role secondee, `` is preferred to ``The organisation consortium employes Bob in the role staff_member, `` because: secondee is preferred to staff_member. The relation ``The context secondment holds between Bob, edit, and report1 in the organisation university1, `` is preferred to ``The context default holds between Bob, edit, and report1 in the organisation consortium, `` because: secondment is preferred to default. **The Decision:** The outcome of the logical inference is that: the permission for Bob to perform edit on report1 is granted.**Request for Explanation:** Using the provided logic, supports, and preferences, please explain why the decision was made to grant or deny access in this specific case.             The explanation must contain the following elements: the used decision rule, the outcome decision, and the different relations and preferences leading to the decision. ;502;572;"Let's break down the decision-making process step-by-step:

**1. Decision Rule:**

The core of the decision is based on the ""dominance"" principle. It states that for an access to be granted, there needs to be a corresponding ""support"" for a ""permission"" where the ""permission's support"" dominates the ""prohibition's support."" 

**2. Supports and Preferences:**

* **Permission Support:**
    *  The organization consortium grants Bob the permission to ""modify"" on the view ""secondment_reports"" if the context ""secondment"" holds. 
    * This support is composed of:
        * The organization consortium considers ""edit"" as a ""modify"" activity. 
        * They use ""report1"" in the view ""seconment_reports"".
        * There is a ""context secondment"" between Bob, ""edit"", and ""report1"". 
* **Prohibition Support:**
   * The Organization consortium grants the ""staff_member"" role the prohibition to ""perform"" the ""modify"" action on the ""view secondment_ reports"" if the ""context default"" holds.
   * This support consists of:
       * The organization employs Bob in the ""staff member"" role.
       * They consider ""edit"" to be a ""modify activity"".
       *  ""report1"" is also used in the view. 
       * ""Context default"" holds between Bob and ""edit"" and ""report 1"".

**3. Preference Analysis:**

* The preference between ""secondee"" and ""staff member"":  ""secondee"" is preferred to ""staff member"". This preference influences the decision because it suggests that Bob's role as ""seconde"" makes him eligible for the permission. 
* Preference between ""secondment context"" and ""default context"": ""Secondment context"" is preferred over ""default context"". This preference is important because it indicates that the permission is granted only when there is a specific context (""secondment"") in place.

**4. Decision Outcome:**

Based on the dominance principle and the preference analysis, the decision is to grant access to Bob to perform the ""edit"" action on ""report1."" This is because:

* The ""permission support"" for ""edit"" on ""secondment reports"" with the ""seconment"" context holds.
* The ""prohibition support"" for prohibiting ""modify"" actions on ""seconment reports"" does not hold due to the ""default"" context.


**In Conclusion:**

The decision to grant access is based on a combination of the dominance principle, preference analysis, and the specific context of Bob's roles and permissions within the system. 
";0.582245461344719;0.1619846224784851;0.1619846224784851;0.9116142153739929;0.756247341632843;0.08060349524021149;0.9653179190751445;37.81;12.1;10.37;14.1;13.86;15.1
1;Bob;edit;report1;True;**The Decision:** The outcome of the logical inference is that: the permission for Bob to perform edit on report1 is granted.;(secondee, secondment) > (staff_member, default), ;1. **Overall Logic:** Explain the condition under which access is granted. An access is granted if and only if,         for each support of a prohibition, there exists a corresponding support for a permission where the permission's support dominates the prohibition's.         Dominance means that: each element of the support of the permission is strictly preferred to at least one element of the support of the prohibition.         Here are the different elements which compose the decision: 2. **Supports of Permission:** List of the elements that compose the permission supports: (support 1): The organization consortium grants the role secondee the Permission to perform the activity modify on the view secondment_reports if the context secondment holds,The organisation university1 employes Bob in the role secondee, The organisation consortium considers edit as a modify activity, The organisation consortium uses report1 in the view secondment_reports, The context secondment holds between Bob, edit, and report1 in the organisation university1, 3. **Supports of Prohibition:** List of the elements composing the prohibition support: (support 1): The organization consortium grants the role staff_member the Prohibition to perform the activity modify on the view secondment_reports if the context default holds,The organisation consortium employes Bob in the role staff_member, The organisation consortium considers edit as a modify activity, The organisation consortium uses report1 in the view secondment_reports, The context default holds between Bob, edit, and report1 in the organisation consortium, 4. **Preferences Between the Elements:**The relation ``The organisation university1 employes Bob in the role secondee, `` is preferred to ``The organisation consortium employes Bob in the role staff_member, `` because: secondee is preferred to staff_member. The relation ``The context secondment holds between Bob, edit, and report1 in the organisation university1, `` is preferred to ``The context default holds between Bob, edit, and report1 in the organisation consortium, `` because: secondment is preferred to default. **The Decision:** The outcome of the logical inference is that: the permission for Bob to perform edit on report1 is granted.**Request for Explanation:** Using the provided logic, supports, and preferences, please explain why the decision was made to grant or deny access in this specific case.             The explanation must contain the following elements: the used decision rule, the outcome decision, and the different relations and preferences leading to the decision. ;1121;396;"Let's delve deeper into the relations and preferences that led to the decision:

1. **Roles and Permissions:** 
   * **Bob's Roles:** Bob is in two roles: ""secondee,"" which grants him the permission to modify ""report1,"" and ""staff_ member,"" which prohibits him from modifying ""report1.”
   *  **Contextual Roles:** The ""secondeee"" role provides the necessary context for the permission to be granted. 

2. **Dominance Principle:** The core of our decision lies in the dominance principle. We need to ensure that the ""permission"" has a ""support"" that ""dominates"" the ""prohibitions."" 

3. **Preference Analysis:** 
     * **Role Preference:** The preference ""secondee > staff_member"" is crucial. This means that the ""secondee's"" role gives Bob the right to ""modify,"" while the ""staff members"" role does not. 
      * **Context Preference:**  The preference ""seconment context > default context"" is also important. It means that the permission can only be granted when there's a ""secondment."" 

4. **Decision Flow:**
   1. The permission to modify is granted based on Bob’s role as “secondee.” 
   2. However, the prohibition to modify is in place because Bob is also a ""staff member."" 
   3. The dominance principle ensures that the permission outweighs the prohibition. 
   4. The preference for the ""secondement context"" over the ""default context"" is the deciding factor. 

**In Summary:** The decision to grant Bob access is a result of a complex interplay of roles, permissions, preferences, and the dominance principle within the system's context. 


Let me know if you have any further questions or would like me to elaborate on any specific aspect! 
";0.5960581159591675;0.3689628094434738;0.3689628094434738;0.6154550194740296;0.7172959446907043;0.09038600325584412;0.967741935483871;56.15;9.2;10.34;13.5;11.59;12.6
2;Bob;edit;report1;True;**The Decision:** The outcome of the logical inference is that: the permission for Bob to perform edit on report1 is granted.;(secondee, secondment) > (staff_member, default), ;1. **Overall Logic:** Explain the condition under which access is granted. An access is granted if and only if,         for each support of a prohibition, there exists a corresponding support for a permission where the permission's support dominates the prohibition's.         Dominance means that: each element of the support of the permission is strictly preferred to at least one element of the support of the prohibition.         Here are the different elements which compose the decision: 2. **Supports of Permission:** List of the elements that compose the permission supports: (support 1): The organization consortium grants the role secondee the Permission to perform the activity modify on the view secondment_reports if the context secondment holds,The organisation university1 employes Bob in the role secondee, The organisation consortium considers edit as a modify activity, The organisation consortium uses report1 in the view secondment_reports, The context secondment holds between Bob, edit, and report1 in the organisation university1, 3. **Supports of Prohibition:** List of the elements composing the prohibition support: (support 1): The organization consortium grants the role staff_member the Prohibition to perform the activity modify on the view secondment_reports if the context default holds,The organisation consortium employes Bob in the role staff_member, The organisation consortium considers edit as a modify activity, The organisation consortium uses report1 in the view secondment_reports, The context default holds between Bob, edit, and report1 in the organisation consortium, 4. **Preferences Between the Elements:**The relation ``The organisation university1 employes Bob in the role secondee, `` is preferred to ``The organisation consortium employes Bob in the role staff_member, `` because: secondee is preferred to staff_member. The relation ``The context secondment holds between Bob, edit, and report1 in the organisation university1, `` is preferred to ``The context default holds between Bob, edit, and report1 in the organisation consortium, `` because: secondment is preferred to default. **The Decision:** The outcome of the logical inference is that: the permission for Bob to perform edit on report1 is granted.**Request for Explanation:** Using the provided logic, supports, and preferences, please explain why the decision was made to grant or deny access in this specific case.             The explanation must contain the following elements: the used decision rule, the outcome decision, and the different relations and preferences leading to the decision. ;945;406;"Let's break down the decision-making process step-by-step:

**1. Roles and Permissions:**

* **Role of ""secondee"":** Bob's role as ""secondee"" grants him permission to modify the ""secondment_reports"" view. This permission is directly tied to the context of a secondment. 
* **Prohibition of ""staff_member"":** Bob is also assigned the role of ""staff member"". This role comes with a prohibition against modifying ""secondment reports.""

**2. The Dominance Principle:**

The core of the decision is the ""dominance principle.""  This principle states that a permission is granted only if there is a corresponding ""support"" for that permission that is ""strictly preferred"" to the ""prohibition's"" support.

**3. Preference Analysis:**

*  **Role Preference:**  ""secondee"" is preferred to ""staff member"" because it grants the right to modify, while the latter does not.
* **Contextual Preference:** ""secondment context"" is preferred over ""default context."" This is because the permission is only granted when there is a valid ""secondment"" context.

**4. Decision Flow:**

1.  **Permission Granted:** Bob's ""secondee role"" provides the necessary support for the ""modify"" permission.
2.  **Prohibition in Place:**  Bob's ""staff member role"" creates a conflict with the permission. 
3.  **Dominance:** The preference for ""secondee over staff member"" overrides the prohibition.
4.  **Context Preference:** The ""secondment Context"" is required for the permission.

**5. Conclusion:**

The decision to grant access to Bob is based on a combination of his roles, the dominance principle, and the preference for the specific context of a ""seconment."" 



Let me know what else you'd like me to clarify! 
";0.5771142718195915;0.21828554570674896;0.21828554570674896;0.6730170607566833;0.8728191256523132;0.0968359187245369;0.9835390946502057;48.7;10.0;9.32;13.2;12.93;13.5
3;Bob;edit;report1;True;**The Decision:** The outcome of the logical inference is that: the permission for Bob to perform edit on report1 is granted.;(secondee, secondment) > (staff_member, default), ;1. **Overall Logic:** Explain the condition under which access is granted. An access is granted if and only if,         for each support of a prohibition, there exists a corresponding support for a permission where the permission's support dominates the prohibition's.         Dominance means that: each element of the support of the permission is strictly preferred to at least one element of the support of the prohibition.         Here are the different elements which compose the decision: 2. **Supports of Permission:** List of the elements that compose the permission supports: (support 1): The organization consortium grants the role secondee the Permission to perform the activity modify on the view secondment_reports if the context secondment holds,The organisation university1 employes Bob in the role secondee, The organisation consortium considers edit as a modify activity, The organisation consortium uses report1 in the view secondment_reports, The context secondment holds between Bob, edit, and report1 in the organisation university1, 3. **Supports of Prohibition:** List of the elements composing the prohibition support: (support 1): The organization consortium grants the role staff_member the Prohibition to perform the activity modify on the view secondment_reports if the context default holds,The organisation consortium employes Bob in the role staff_member, The organisation consortium considers edit as a modify activity, The organisation consortium uses report1 in the view secondment_reports, The context default holds between Bob, edit, and report1 in the organisation consortium, 4. **Preferences Between the Elements:**The relation ``The organisation university1 employes Bob in the role secondee, `` is preferred to ``The organisation consortium employes Bob in the role staff_member, `` because: secondee is preferred to staff_member. The relation ``The context secondment holds between Bob, edit, and report1 in the organisation university1, `` is preferred to ``The context default holds between Bob, edit, and report1 in the organisation consortium, `` because: secondment is preferred to default. **The Decision:** The outcome of the logical inference is that: the permission for Bob to perform edit on report1 is granted.**Request for Explanation:** Using the provided logic, supports, and preferences, please explain why the decision was made to grant or deny access in this specific case.             The explanation must contain the following elements: the used decision rule, the outcome decision, and the different relations and preferences leading to the decision. ;955;357;"Let's delve deeper into the specific relations and preferences that led to the decision:

1. **Roles and Permissions:**
    * **Bob's Roles:** Bob has two roles: ""secondee,"" which grants permission to modify views, and ""staff member,"" which prohibits modification of views.
    
2. **Dominance Principle:**
   * **Permission vs. Prohibition:** The decision hinges on whether the permission to modify (""secondee role"") is strong enough to override the prohibition (""staff member role""). 
   
3. **Preference Analysis:**
    
    *  **Secondment Context vs. Default Context:**  The permission is granted *only* when there's a valid secondment context. This means the ""context secondment"" must exist between Bob, ""edit,"" and ""report1"" in the ""university1"" organization. 
    
4. **Decision Flow:**
    1. **Permission Granted:**  Bob is a ""secondee"", so he has permission to modify.
    2. **Prohibition Applied:** Bob is a ""staff member"", so he's prohibited from modifying.
    3. **Domination:** The ""secondee's"" permission is preferred to the ""staff member's"" prohibition.
    4. **Context Preference:**  The secondment context must exist for the permission to be granted.

5. **Conclusion:** The decision to grant Bob access is based on the interplay of these factors:
    * Bob's roles and permissions.
    * The dominance principle, which prioritizes the permission over the prohibition. 


Let me know if you have any further questions or would like me to elaborate on any specific aspect! 
";0.48220055907964704;0.2532992884516716;0.2532992884516716;0.5059663534164429;0.4379136860370636;0.03947582095861435;0.9523809523809523;49.11;9.8;10.16;13.5;12.81;13.4
0;Bob;edit;report1;True;**The Decision:** The outcome of the logical inference is that: the permission for Bob to perform edit on report1 is granted.;(secondee, secondment) > (staff_member, default), ;"1. **Overall Logic:** Explain the condition under which access is granted. An access is granted if and only if,         for each support of a prohibition, there exists a corresponding support for a permission where the permission's support dominates the prohibition's.         Dominance means that: each element of the support of the permission is strictly preferred to at least one element of the support of the prohibition.         Here are the different elements which compose the decision: 2. **Supports of Permission:** List of the elements that compose the permission supports: (support 1): The organization consortium grants the role secondee the Permission to perform the activity modify on the view secondment_reports if the context secondment holds,The organisation university1 employes Bob in the role secondee, The organisation consortium considers edit as a modify activity, The organisation consortium uses report1 in the view secondment_reports, The context secondment holds between Bob, edit, and report1 in the organisation university1, 3. **Supports of Prohibition:** List of the elements composing the prohibition support: (support 1): The organization consortium grants the role staff_member the Prohibition to perform the activity modify on the view secondment_reports if the context default holds,The organisation consortium employes Bob in the role staff_member, The organisation consortium considers edit as a modify activity, The organisation consortium uses report1 in the view secondment_reports, The context default holds between Bob, edit, and report1 in the organisation consortium, 4. **Preferences Between the Elements:**The relation ``The organisation university1 employes Bob in the role secondee, `` is preferred to ``The organisation consortium employes Bob in the role staff_member, `` because: secondee is preferred to staff_member. The relation ``The context secondment holds between Bob, edit, and report1 in the organisation university1, `` is preferred to ``The context default holds between Bob, edit, and report1 in the organisation consortium, `` because: secondment is preferred to default. **The Decision:** The outcome of the logical inference is that: the permission for Bob to perform edit on report1 is granted.**Request for Explanation:** Using the provided logic, supports, and preferences.             Please explain the decision-making process (why the access was granted or denied). Please use the structured format below:
 1. **Decision Rule**: [Provide the decision rule used for the decision-making process.]
 2. **Outcome**: [Describe the decision outcome clearly and concisely.]
 3. **Relations and Preferences**: [Explain the different relations and preferences that influenced the decision. Include all relevant information.]
 Make sure to follow this structure exactly and ensure each section is complete.";558;22;"Let me know if you'd like me to elaborate on any specific part of the explanation! 
";0.28714232742786405;0.05390601605176926;0.05390601605176926;0.41904354095458984;0.09681251645088196;0.18795645236968994;1.0;72.16;7.2;13.9;0.0;5.97;6.3
1;Bob;edit;report1;True;**The Decision:** The outcome of the logical inference is that: the permission for Bob to perform edit on report1 is granted.;(secondee, secondment) > (staff_member, default), ;"1. **Overall Logic:** Explain the condition under which access is granted. An access is granted if and only if,         for each support of a prohibition, there exists a corresponding support for a permission where the permission's support dominates the prohibition's.         Dominance means that: each element of the support of the permission is strictly preferred to at least one element of the support of the prohibition.         Here are the different elements which compose the decision: 2. **Supports of Permission:** List of the elements that compose the permission supports: (support 1): The organization consortium grants the role secondee the Permission to perform the activity modify on the view secondment_reports if the context secondment holds,The organisation university1 employes Bob in the role secondee, The organisation consortium considers edit as a modify activity, The organisation consortium uses report1 in the view secondment_reports, The context secondment holds between Bob, edit, and report1 in the organisation university1, 3. **Supports of Prohibition:** List of the elements composing the prohibition support: (support 1): The organization consortium grants the role staff_member the Prohibition to perform the activity modify on the view secondment_reports if the context default holds,The organisation consortium employes Bob in the role staff_member, The organisation consortium considers edit as a modify activity, The organisation consortium uses report1 in the view secondment_reports, The context default holds between Bob, edit, and report1 in the organisation consortium, 4. **Preferences Between the Elements:**The relation ``The organisation university1 employes Bob in the role secondee, `` is preferred to ``The organisation consortium employes Bob in the role staff_member, `` because: secondee is preferred to staff_member. The relation ``The context secondment holds between Bob, edit, and report1 in the organisation university1, `` is preferred to ``The context default holds between Bob, edit, and report1 in the organisation consortium, `` because: secondment is preferred to default. **The Decision:** The outcome of the logical inference is that: the permission for Bob to perform edit on report1 is granted.**Request for Explanation:** Using the provided logic, supports, and preferences.             Please explain the decision-making process (why the access was granted or denied). Please use the structured format below:
 1. **Decision Rule**: [Provide the decision rule used for the decision-making process.]
 2. **Outcome**: [Describe the decision outcome clearly and concisely.]
 3. **Relations and Preferences**: [Explain the different relations and preferences that influenced the decision. Include all relevant information.]
 Make sure to follow this structure exactly and ensure each section is complete.";662;505;"**1. Decision Rule:** The decision rule is based on the principle of ""dominance"" between permissions and prohibitions. Access is granted if there exists a permission support that dominates the corresponding prohibition support. Dominance means that each element in the permission support is strictly preferred over at least an element in the prohibition support.

**2. Outcome:** The access is **denied**. 

**3. Relations and Preferences:** 

* **Permission Support:** The permission to modify the view `secondment_reports` is supported by the following conditions: 
    * The organization consortium considers `edit` as a `modify` activity.
    *  The organization consortium uses `report1` in the view `seconment_reports`.
    * Bob is employed in the role `secondee` within the organization `university1`. 
* **Prohibition Support:** The prohibition to modify the `secondment reports` view is supported by these conditions:
   * The organization consortiums grants the role `staff_member` the prohibition to perform the `modify` action on the view `secondary_reports` if the context `default` holds. 
   * Bob works as a `staff member` in the organization `consortium`.
   * `edit` is considered a modify activity.
   *  `report1` is used in the `view secondary_reports`. 
   
* **Dominance Analysis:** We need to analyze the dominance relationship between the permission and the prohibition. 
    1. The relation ""Bob is employed as a secondee in the organization university1"" is preferred to ""Bob works as a staff member in the organization consortium"". This is because ""secondee"" is a preferred role to ""staff member"". 
    2.  The relation ""The context `secondment` holds between Bob and `edit` and `report1`"" is preferred to  ""The context `default `holds between Bob, `edit`, and report1`"".  This is because ""secondment"" is preferred over ""default"". 


**Explanation of Decision:**

The access is denied because the permission support does not dominate the prohibition support in this case.  While Bob has the permission to modify `seconment reports` in the `university1` context, he is prohibited from doing so in the `consortium` context. 


Let me know if this explanation is clearer or if you have any further questions. 
";0.8784538179636001;0.9573794901371002;0.9573794901371002;0.7713010311126709;0.8069272041320801;0.10071812570095062;0.9657320872274143;37.91;12.0;10.93;14.7;14.27;14.8
